id,kit,piezas_a_buscar,proveedor,tipo_proveedor (verificado/premium/no),calificacion_proveedor,stock_disponible,costo_real_total,flete_real,mismo_proveedor_todas_las_piezas (si/no),muestra_pedida (si/no),calidad_muestra (1-5),entrega_efectiva_proveedor_%,transportadora,notas
kit-pelo-cero,Kit Pelo Cero,cepillo-vapor-mascotas + removedor-pelo-reutilizable,,,,,,,,,,,,
kit-verano-fresco,Kit Verano Fresco,alfombra-refrigerante-mascotas + botella-agua-paseo-perro,,,,,,,,,,,,
kit-gato-sin-pelusas,Kit Gato Sin Pelusas,cepillo autolimpiante para gatos + removedor de pelo reutilizable + varita de juguete con plumas,,,,,,,,,,,,
kit-enriquecimiento-perro,Kit Perro Entretenido,alfombra olfativa para perros + tapete de lamer de silicona,,,,,,,,,,,,
kit-paseo-hogar-limpio,Kit Paseo Limpio,limpiador de patas portátil + dispensador con rollos de bolsas + comedero plegable de silicona,,,,,,,,,,,,
kit-bano-secado-perro,Kit Baño y Secado,toalla de microfibra para mascotas + cepillo de baño de silicona + guante de baño,,,,,,,,,,,,
kit-caja-regalo-navidad,Kit Caja Regalo Navidad,bandana navideña ajustable + peluche con sonido + juguete de cuerda + pelota de goma,,,,,,,,,,,,
kit-paseo-nocturno-led,Kit Paseo Nocturno,collar LED recargable por USB + correa reflectante + luz clip de seguridad,,,,,,,,,,,,
kit-juegos-interactivos-perro,Kit Juego Interactivo,pelota dispensadora de premios + juguete de cuerda con pelota + pelota con sonido,,,,,,,,,,,,
kit-gato-arenero-limpio,Kit Arenero Ordenado,pala metálica para arenero + alfombra atrapa arena 45x60 + dispensador con bolsas desechables,,,,,,,,,,,,
kit-gato-rascador-pared,Kit Gato Vertical,rascador autoadhesivo de pared y esquina 30x200 cm + set 2 pelotas con cascabel,,,,,,,,,,,,
kit-cachorro-entrenamiento,Kit Cachorro en Casa,tapete lavable de entrenamiento (2 unidades) + clicker con correa de muñeca + bolsa de premios con dispensador de bolsas,,,,,,,,,,,,
piscina-plegable-perros-120,Piscina Plegable para Perros 120x30 cm,1 piscina plegable para perros 120x30 cm,,,,,,,,,,,,
kit-gato-navidad,Kit Navidad del Gato,gorro y bufanda navideños ajustables + varita con plumas + 3 ratones de juguete,,,,,,,,,,,,
kit-gato-ventana-mirador,Kit Gato Mirador,hamaca de ventana con ventosas + varita de juguete con plumas,,,,,,,,,,,,
kit-gato-laser-varitas,Kit Gato Persecución,puntero de luz recargable USB para gatos + 2 varitas con plumas + ratón de juguete,,,,,,,,,,,,
kit-gato-aseo-unas-pelo,Kit Aseo de Gato,cortaúñas con protector de seguridad + lima de uñas manual + guante deslanador de silicona,,,,,,,,,,,,
kit-gato-arnes-paseo,Kit Paseo de Gato,"arnés ajustable de malla talla única + correa de 1,5 m + campanita de collar",,,,,,,,,,,,
kit-id-collar-placa,Kit Identificación,collar ajustable reflectante con cierre de seguridad + placa de acero inoxidable con grabado de nombre y teléfono,,,,,,,,,,,,
